bc9698d0-5a8d-11ec-9460-04d3b0341b98.jpg,[]
be13aeca-5a8d-11ec-a593-04d3b0341b98.jpg,[]
bf8cfd10-5a8d-11ec-93ef-04d3b0341b98.jpg,[]
c140bb7e-5a8d-11ec-8cd1-04d3b0341b98.jpg,[]
c37019fa-5a8d-11ec-b925-04d3b0341b98.jpg,[]
c4ebd458-5a8d-11ec-92f0-04d3b0341b98.jpg,[]
c64d1f18-5a8d-11ec-80d0-04d3b0341b98.jpg,[]
c9cbeb28-5a8d-11ec-a208-04d3b0341b98.jpg,[]
cc4d5c9e-5a8d-11ec-a658-04d3b0341b98.jpg,[]
ce74b250-5a8d-11ec-8fa2-04d3b0341b98.jpg,[]
d0b05f9e-5a8d-11ec-80ab-04d3b0341b98.jpg,[]
d3123a9e-5a8d-11ec-87c5-04d3b0341b98.jpg,[]
d7006322-5a8d-11ec-8fd3-04d3b0341b98.jpg,[]
d946b4be-5a8d-11ec-8dc2-04d3b0341b98.jpg,[]
db8c683a-5a8d-11ec-976d-04d3b0341b98.jpg,[]
e0a5379e-5a8d-11ec-9730-04d3b0341b98.jpg,[]
ee040c40-5a8d-11ec-a096-04d3b0341b98.jpg,[]
f05f38e2-5a8d-11ec-9723-04d3b0341b98.jpg,[]
f3663082-5a8d-11ec-a0d9-04d3b0341b98.jpg,"['Ac5TLOVAA', '06', '24']"
f4cf6a92-5a8d-11ec-b827-04d3b0341b98.jpg,"['AC51Zo VAA', '06', '24']"
f6b7c20a-5a8d-11ec-be2a-04d3b0341b98.jpg,"['Ac5TzO VAA', '06', '24']"
f82d640a-5a8d-11ec-93cf-04d3b0341b98.jpg,"['Ac51zO VAA', '06', '24']"
f9da1374-5a8d-11ec-85d0-04d3b0341b98.jpg,"['Ac51zo VAA', '06', '24']"
fbdce168-5a8d-11ec-aace-04d3b0341b98.jpg,"['0c51zotaa', '06', '24']"
fe16b83e-5a8d-11ec-9a3b-04d3b0341b98.jpg,"['Ac51zoVaA', ""06 '24""]"
172439ec-5b07-11ec-a02a-04d3b0341b98.jpg,[]
188ec4ca-5b07-11ec-91a1-04d3b0341b98.jpg,[]
19e20a26-5b07-11ec-a16f-04d3b0341b98.jpg,[]
1b3b6a5c-5b07-11ec-be80-04d3b0341b98.jpg,[]
1dc84de4-5b07-11ec-9ccb-04d3b0341b98.jpg,[]
21236e8c-5b07-11ec-b826-04d3b0341b98.jpg,[]
2291631e-5b07-11ec-93f0-04d3b0341b98.jpg,[]
240ff5e6-5b07-11ec-95a9-04d3b0341b98.jpg,[]
258b4166-5b07-11ec-8cf6-04d3b0341b98.jpg,[]
26fdc522-5b07-11ec-8b02-04d3b0341b98.jpg,[]
28689b9a-5b07-11ec-9151-04d3b0341b98.jpg,[]
29ec72ac-5b07-11ec-82bf-04d3b0341b98.jpg,[]
2b5c4a6c-5b07-11ec-bbb1-04d3b0341b98.jpg,[]
2ccbfa9c-5b07-11ec-ab94-04d3b0341b98.jpg,[]
2e36c49a-5b07-11ec-9e00-04d3b0341b98.jpg,[]
2fa67336-5b07-11ec-9730-04d3b0341b98.jpg,[]
3c3fee40-5b07-11ec-be2d-04d3b0341b98.jpg,[]
3e20e09a-5b07-11ec-a327-04d3b0341b98.jpg,[]
454e4ccc-5b07-11ec-8962-04d3b0341b98.jpg,[]
bef29f34-5b07-11ec-8401-04d3b0341b98.jpg,[]
c072ad5c-5b07-11ec-84f3-04d3b0341b98.jpg,['Dott']
c1f5f13e-5b07-11ec-bc22-04d3b0341b98.jpg,['omu']
19ce89e4-5b08-11ec-a05d-04d3b0341b98.jpg,['6 3987 MQ']
1b463100-5b08-11ec-a289-04d3b0341b98.jpg,['6 3987 MQ']
3f00edd8-5b55-11ec-9fc2-04d3b0341b98.jpg,"['3987  Nq', ""12'24""]"
b2429a6c-5b56-11ec-8c20-04d3b0341b98.jpg,"['3987 M0|', 'J4']"
b46da880-5b56-11ec-bfb4-04d3b0341b98.jpg,"['3987 Mq|', '1']"
4efa601e-5b5a-11ec-81ac-04d3b0341b98.jpg,[]
523881a2-5b5a-11ec-9630-04d3b0341b98.jpg,"['Mq', '12*34', '3987']"
54e529d4-5b5a-11ec-9882-04d3b0341b98.jpg,"['Nq', '3987', '12*241']"
23afad8a-5b5d-11ec-916a-04d3b0341b98.jpg,['3987']
3987
25047250-5b5d-11ec-a4bc-04d3b0341b98.jpg,['3987 MO']
3987 MO
266e8636-5b5d-11ec-a668-04d3b0341b98.jpg,['3987']
3987
27c00fb6-5b5d-11ec-8e99-04d3b0341b98.jpg,['7987 MQ']
7987 MQ
29990a00-5b5d-11ec-a86b-04d3b0341b98.jpg,[]

d34be3d4-5c4d-11ec-a236-0c9d922fa863.jpg,[]

e01d4ba6-5c4d-11ec-af82-0c9d922fa863.jpg,[]

ee3c4058-5c4d-11ec-9761-0c9d922fa863.jpg,[]

ff85249c-5c4d-11ec-9f23-0c9d922fa863.jpg,[]

0cd22362-5c4e-11ec-9ee8-0c9d922fa863.jpg,[]

1cdce25c-5c4e-11ec-9bc8-0c9d922fa863.jpg,[]

2b76d35a-5c4e-11ec-be61-0c9d922fa863.jpg,[]

399a8310-5c4e-11ec-bebe-0c9d922fa863.jpg,[]

465cf518-5c4e-11ec-a72b-0c9d922fa863.jpg,[]

53743ddc-5c4e-11ec-a6c5-0c9d922fa863.jpg,[]

a9dbe50c-5fe7-11ec-8396-f0d5bf7f83a6.jpg,[]

c409553a-5fe7-11ec-a8d5-f0d5bf7f83a6.jpg,[]

cbbcde6e-5fe7-11ec-bdca-f0d5bf7f83a6.jpg,[]

e786bcf6-5fe7-11ec-b190-f0d5bf7f83a6.jpg,[]

ee84b6c6-5fe7-11ec-9c8b-f0d5bf7f83a6.jpg,[]

